{
  "users": [
    {
      "id": 1,
      "username": "marceline",
      "name": "Marceline Abadeer",
      "bio": "1000 year old vampire queen, musician"
    },
    {
      "id": 2,
      "username": "finn",
      "name": "Finn 'the Human' Mertens",
      "bio": "Adventurer and hero, last human, defender of good"
    },
    {
      "id": 3,
      "username": "pb",
      "name": "Bonnibel Bubblegum",
      "bio": "Scientist, bearer of candy power, ruler of the candy kingdom"
    },
    {
      "id": 4,
      "username": "jake",
      "name": "Jake the Dog",
      "bio": "Former criminal, now magical dog adventurer, and father"
    }
  ]
}
